{"cameraMode":{"drawMode":0,"name":"Shaded","section":"Shading Mode"},"sceneLighting":false,"audioPlay":false,"sceneViewState":{"m_AlwaysRefresh":false,"showFog":true,"showSkybox":false,"showFlares":true,"showImageEffects":true,"showParticleSystems":true,"showVisualEffectGraphs":true,"m_FxEnabled":true},"in2DMode":false,"pivot":{"x":-3.612957715988159,"y":3.876771926879883,"z":8.542929649353028},"rotation":{"x":0.1360771805047989,"y":0.002972362330183387,"z":-0.00040628144051879644,"w":0.9907022714614868},"size":7.545828819274902,"orthographic":true}