{"cameraMode":{"drawMode":0,"name":"Shaded","section":"Shading Mode"},"sceneLighting":false,"audioPlay":false,"sceneViewState":{"m_AlwaysRefresh":false,"showFog":true,"showSkybox":false,"showFlares":true,"showImageEffects":true,"showParticleSystems":true,"showVisualEffectGraphs":true,"m_FxEnabled":true},"in2DMode":false,"pivot":{"x":-4.999998569488525,"y":3.7499072551727297,"z":0.000012874603271484375},"rotation":{"x":-0.13373951613903047,"y":-0.8490691184997559,"z":0.2570764422416687,"w":-0.44171562790870669},"size":6.879715442657471,"orthographic":false}