{"cameraMode":{"drawMode":0,"name":"Shaded","section":"Shading Mode"},"sceneLighting":false,"audioPlay":false,"sceneViewState":{"m_AlwaysRefresh":false,"showFog":true,"showSkybox":false,"showFlares":true,"showImageEffects":true,"showParticleSystems":true,"showVisualEffectGraphs":true,"m_FxEnabled":true},"in2DMode":false,"pivot":{"x":-1.999998927116394,"y":3.7498743534088136,"z":0.000014781951904296875},"rotation":{"x":0.03965086117386818,"y":0.8322203755378723,"z":-0.06002451106905937,"w":0.5497708916664124},"size":12.932230949401856,"orthographic":false}