{"cameraMode":{"drawMode":0,"name":"Shaded","section":"Shading Mode"},"sceneLighting":false,"audioPlay":false,"sceneViewState":{"m_AlwaysRefresh":false,"showFog":true,"showSkybox":false,"showFlares":true,"showImageEffects":true,"showParticleSystems":true,"showVisualEffectGraphs":true,"m_FxEnabled":true},"in2DMode":false,"pivot":{"x":568.1099853515625,"y":24.93000030517578,"z":131.99000549316407},"rotation":{"x":-0.03499811515212059,"y":-0.9385335445404053,"z":0.32930994033813479,"w":-0.09846662729978562},"size":0.2598179876804352,"orthographic":false}